playerID,playerName,tag
63dd834221246200322c4724,BobiBobi,friend
69c21339ae821a004063d562,Bloodloust32,
614148a9e6732900393d5095,IrisDarkshine,
615a2040774720003c34ba8c,AarukiMurakuckme,
61259e108d7b2c0033c481a9,birb,farmer
69508e53d3c68b0040ccdf82,itchytude,farmer
6aa84d2c747ba30048691585,anon-250,
6248f9105dd0750033d19888,pia.villanueva88,
6a966051a97acd004d84b744,Ueb80170d,
68d67369de0c5a004275a951,U1ed11ac7,
5e3c9540df83990027655bcc,thecatb,
65e16883b44d13005004468b,DominikD,
6568bebd8995900032eeba15,PurpleXe,
693ad3ee8f0b250047e595bd,U63fc083d,
60ac0225bae42b0041247055,IsJazz,
675bf4b126d16300bc43d32a,Maggusch,
62dda636a643c2003a4d4849,mai.cafek,
6a189e67e4665a00416b919b,BlurryXavier,
650b37666d028a00641c4120,pikakev,
6aa8296172ca700047cb5fe5,anon-829,
68c15a9a27794b003f64c686,U524552a3,
67c3f95d31c232004e13de59,drmhildat17,
6aa6e254ac89080047770470,U965a93b6,
6a0763439f1a8301ca52e26b,U48ece20e,
675a80d49729390040e3c8bc,GoofyGoober,friend
6aa8a7208897700041ce27b0,anon-1590,
650157c9da8ae70032c5a881,xmjgaming494,
62132e8518dfbe003183a6ea,Kittenslove117,
642935d3e779b3004cb162fe,Moira4Lyfe,
632262669716800038de2c5c,mcsparda,
64e6c82d9d23f3004b610526,Cerealkiller,
634bbf00b25a4900391ebbe9,OnigiriKitty,
664acd315dd8110eb5fd118a,PawpawSnugglePlush,
62957986fae6cf00349f4de7,Yoyo8484,
689e82c535e73500475df50c,anon-66,
6a8129aab062340046c612df,anon-964,
643a0aebdceb3700317e9b47,Aweno,
5e45e2946c9ee1002629ea4c,Dion,
675c445bb35061004cc23189,notsopinkpanther,
6961acfb5662dd0048aec75e,Ud1606709,
6787518fb72f39004d9f1cbf,anon-451,
6aa88a18e36bee004820e2e6,anon-1528,
68c3e1b479a5a7004f707353,Johnnybravo,farmer
630bc89d86becb0039549900,gsurbete1,
6aa871d0996f7800413775da,anon-914,
6a9ee6b025379700dcc89d45,anon-1381,
6a53a91ed557390041deafcf,isekaifear1,farmer
686581d15dab4700e6a5e9ff,SonicNeko,
6aa85e16858e8a004e3324a5,U10588159,
6aa82ca780b4b900406ff5b4,anon-966,
6aa829057481f8004d3004bc,anon-1428,
68c5ff3258dc35004cfd8406,EmKay,
6a9f3e00ee913700402c8df2,jazzzzzz,
6aa7f16f37d9770047773d28,anon-16,
65e5df6a0226b80041295b7b,ReneCeros7,
6aa8b2e0569c83003f7b32d1,U484f7399,
677ec1e90f0d21005482a7fb,SurviverPlay,
6aa9d1b6d5521800408cdd14,anon-1610,
657c932e1b90f60072611900,pin_mil,
68eaad9541263e005105fb28,U090fb7ef,
6a333e2d0d9e0f0040eb25d8,U65626190,
68ccbe386391da0047000ae5,Uf009e76b,
6a6414785ecd2100465f8f7b,anon-1044,
642a30c99936b100381cb196,alexishomasito,
63df86d4aa9b850032812b44,RuvaenWulf,
63143e986f5b9e00384158fe,b___o_k_e__,
66311491f3e5a52337e5b4d1,Alx__sc,
6099625ea4a7ba00382e5950,texanplushytogepi,
63f7e1a6e91cfe003882f0c6,sergioramirezavalos,
63c5421a96f63c0031a99a88,baonguyen101002,
68117f649a6aea0046f18def,DEEP,
62e7c872a091e20039615379,damodestroys,
612170e823a85f003807930e,SamanoAiko,
664a673714b8a00e31a0b6cb,Maurixfc_911,
68ef0341abb5b900408b934d,Nahuel,
6a7f7dc42087b100418eead3,U8305c54d,
696b395b4d3db50040fabee0,U507915cb,
6aa03b809bd8a3004bd5815b,Kihojj,
6a8f51bc43f6de0046ce2107,grantsparks72,
69e7efd3ddb3c10040871f13,U269b06ac,
60563a6972e132003243d01f,glight0590,
6601af64dd165f03744b86e2,lawless0201,
6a28ba7ae3292a00415d665b,U30c07646,
63dd4b1238f7420063d42918,Imthebest1111,
69890c291ed50d00497f90f3,queenb,
66cacca591bcb80047ac0ffe,sanviktor,
68c65180f072980049fe6b36,echang426,
69cdaee14147470040921449,Uf0243e02,
695387f4b58208004630ef72,anon-280,
6335a9ab50d6f20034b5ebbe,gangparty.dd,
66e278c4ed94b5005353fc7d,CatchAddict,
66a45aa9aa39bd0041e15773,MRxZ0MB13,
64b07871cb1df700318c7c64,Sleepywolf,
69e01a7ace9f69004d793c8c,spina256,
647b8bf5b6a531003816a6da,Gleb,
6aa95d7411d539004118e868,anon-1140,
63eadb69e17658005790d27d,denny.tet37,
67f87cbf91fd89004de14c0d,Batteryacidtrip,
63ed99cff007cc0032b9b9f6,n3rdy,
5fd31de92f456f003467e9fb,meowsxie,
6787bcad95f6530041bb23a9,nekosake,friend
69686570829230004cec77ff,Chikawawa,friend
640a713cbd31d50032290df3,fruitcakejo,
6a486440a55dfc0040bf8373,Maekawa,
684c38c30dc51d004876c262,Tomicsavo,
68a453d4b2cf0d0047ce03cb,mimi tutu,friend
66861cef5f3d540041b70d24,ginn,
6888ec716c237c0046636cd4,ilisare,
679cf88e583da4004100c27c,JULES1,
6a3faa223f132c004d144b66,Udbb34a93,
638526033273f000343b2f64,Jinsei,
65cd4298d1aa4d0c3568fbca,mdkaiz,
63478f6a090ca700388d311c,Camelicious,
5e9f40b3c8420c003ca11fb1,ColdDragonYoung,
5e3d1e81876fe90026fff71e,LunaHoshino,
69b0fa4d748f850048197da0,avoid,
668c90560170b60049de41e1,SelectedKings,
623aa25a289f6100384d553e,nuukiie,friend
65bb4e5cc8105f0040a3dfd9,SLaN,
666c3b9b2cb33a0046375b44,scrawlingspider,friend
6a0d1c7b707e3c003e409f14,Kaiz,
67cd8592495ab80041941cc0,Perthsummer,
69f142bb9bf9f2004ccb2efd,U33b46bd4,
6598dccd40ab0400339673d2,sohardtowin,
68a6992a37b87f004149e05b,Napkin1,
5fe7608e7e949100321b3631,icaruschan11,
60bf01bbd1ec580032501f0d,emyshadows,
69956a408938630041f46f96,U494ba612,
683a036e0f82ae0047065b9b,TractorBeam,
5e3bb0f8d8699f002600a672,aire,
655d07bf8f1e880040ab29ca,kamelcrynucsuck,
63326ca70e246c0039045ddc,gilthewil,
63bcc7af9be0fc0059cae279,cristian.bp1123,
6a3930a45f1e4000402be3c6,JolteonDog,
68946b2814f5ff00421739cf,Cinemagirl,
695363d033b482004757366e,AvrgMstrpc,
65ff6335599d4f004ca5fac6,novagalaxy,
69e2849837ccec004093747e,Xenocat,
653cb3e8c9d1c600396134d2,Marto19,
6989076c1ed50d00497f90ca,Simo1158,
69b9ee35fd3553004edfb181,U8116f669,
69bf4353cf510a003ffb3b70,Big Papa,
69c12d8f9d95ac003fd43afb,HJ LIM,
61d81d3f52cef60039956331,AYUSB,
615e0dc2b6fc6300396eb484,dreman,
69e4aed52ef4a5004c46edcb,Silver Wolf,
67accaa404b8a30052483832,somnuss35,
68661ba3fcd0b10041044efa,redamz,
64d1a16a03c43f003849a3a7,Vyse,
64cfaa66f4588b003847908c,DramoH,
691e992b37cb3a004051ce37,Rosie.Cooper,
6258c53f7d4a330032827449,Onyomi,
65408550135266015559804b,djungelskog,
64077ca3749a9f003207f651,KitsuneSenryu,
694d91abbc2fb20047e01424,Tapir-kun,
6a4ecf74be6fb8004e5a8bd3,Zithis_Darkmoon,
65530a371508ac003fc5489c,j4cwkffnbx,
687864bb3d24f10048923474,SenseiFuji,
699a8449ed8db9004e284683,Midas,
69e5cddc9ce6470045d9fb92,U0b8121bc,
695355103ecaf3003fa42b4d,iTzAldoPlays,
69ea897daf0a630040721ef6,Zackattack,
69619257c95a2600469cbcf3,Uf0668cd2,
68d0997d83411800407f2fe4,Hades178uncanny,
6a5d519cad020c0100873cc8,Udfec1588,
63b70d848d9b9100bea6467a,LAVGUZ,
620313d55c24400038786277,BrownieXmoon,
67f00c2714aac80048834c62,nekobosses,
642bd47b605b4c00325181e5,Nelie,
69c19f9bb6ab890047d337aa,U1ea32726,
68559d091206b80051bf018f,AcwCatcher99,
68edfe34132f8a00480d26de,cosdaguy,
684f664f791aa800489a71eb,hateworkboy,
69cb0944ffa02b004e2acc87,Ub4f8113f,
694d8271147c5e0047383522,U0d927671,
63dd50cb4c1c15003274a349,moontielluis,
5e3d0fe17ec96600269ba77a,tomatera,
64dff38108201c003237b206,jhart75,
626584f58254cb00326dab20,PomPomPudding,
679faaabf0e407004bad2b0a,ISEKAI_NO_PANTSU,
69c01b1658ece000406b6a3a,Mercyplz,
60c7c15153638f0046ac24a0,troll,
6a2390e0e94f2400420a9df3,Ua99737dc,
6a3e033ec812e8004c4b29a4,marcuzz,
6948ff02fcaefe00483ab325,Clawduh1991,
69255bae7fed7d004638574e,Tinysaur,
672abd007fc5bb004733b6df,dustinb813,
630a40cf0b980c003ab46b11,unsubstantial,
6a0f23a2974c3100471747c7,YoLO,
68c00a8eb7322800484cd32e,timmylin,
68d6c64f1a0bab0042c81af0,pogisama,
649bcff0d60536004b461b18,seniorcheeseman,
5fd66e589b7ac6003224eb26,Kristina88,
6a78cd8f1fa404004702ad39,U874bc3d2,
6563062ea6a4d1003203a165,Ayste,
63f26fa56d85250065ee41e1,NickKerensky,
6a59af8ec6212d0040e2cbc2,iTzLameOPlays,
63292a2bb71b770039a84381,bei,
63f175071c763300579e0c7c,magnetrobot97,
